backlog_id,profile_id,stage_id,workflow,priority,evidence_gap_type,gap_basis,evidence_locator,source_id,next_action,status
eg-fusion-pack-inventory,,all_fusion_profiles,All 18 fusion profiles,package,internal_fusion_test_pack_not_yet_banked,"The PM workbook identifies The Fusion Test evidence pack as an internal input, but its claims have not been mapped to profile rows or banked in the canonical source register.",The Fusion Test — Evidence Pack for Frontier Is Not Fate (research cut-off 2026-08-12),,"Inventory and verify the pack, map claims to profiles, and assign source IDs only in the later source-banking gate.",open
eg-sp-0014-source-id,sp-0014,theory_and_system_design,Theory and system design,routine,canonical_source_id_missing,Both pinned model submissions leave source_ids blank for this profile; agreement or an owner preference is not evidence.,,,Bank verified supporting sources later; do not invent or promote a source ID in this correction pass.,open
eg-sp-0014-expert,sp-0014,theory_and_system_design,Theory and system design,routine,regulatory_or_domain_expert_required,Every frozen fusion profile is routed for routine domain-informed review; licensing additionally requires a fusion-regulatory reviewer.,,,Assign a named fusion-domain reviewer; assign a regulatory reviewer for licensing.,open
eg-sp-0015-source-id,sp-0015,simulation,Simulation,routine,canonical_source_id_missing,Both pinned model submissions leave source_ids blank for this profile; agreement or an owner preference is not evidence.,,,Bank verified supporting sources later; do not invent or promote a source ID in this correction pass.,open
eg-sp-0015-expert,sp-0015,simulation,Simulation,routine,regulatory_or_domain_expert_required,Every frozen fusion profile is routed for routine domain-informed review; licensing additionally requires a fusion-regulatory reviewer.,,,Assign a named fusion-domain reviewer; assign a regulatory reviewer for licensing.,open
eg-sp-0016-source-id,sp-0016,experiment_selection,Experiment selection,priority,canonical_source_id_missing,Both pinned model submissions leave source_ids blank for this profile; agreement or an owner preference is not evidence.,,,Bank verified supporting sources later; do not invent or promote a source ID in this correction pass.,open
eg-sp-0016-expert,sp-0016,experiment_selection,Experiment selection,priority,regulatory_or_domain_expert_required,Every frozen fusion profile is routed for routine domain-informed review; licensing additionally requires a fusion-regulatory reviewer.,,,Assign a named fusion-domain reviewer; assign a regulatory reviewer for licensing.,open
eg-sp-0017-source-id,sp-0017,diagnostics,Diagnostics,routine,canonical_source_id_missing,Both pinned model submissions leave source_ids blank for this profile; agreement or an owner preference is not evidence.,,,Bank verified supporting sources later; do not invent or promote a source ID in this correction pass.,open
eg-sp-0017-expert,sp-0017,diagnostics,Diagnostics,routine,regulatory_or_domain_expert_required,Every frozen fusion profile is routed for routine domain-informed review; licensing additionally requires a fusion-regulatory reviewer.,,,Assign a named fusion-domain reviewer; assign a regulatory reviewer for licensing.,open
eg-sp-0018-source-id,sp-0018,plasma_control,Plasma control,priority,canonical_source_id_missing,Both pinned model submissions leave source_ids blank for this profile; agreement or an owner preference is not evidence.,,,Bank verified supporting sources later; do not invent or promote a source ID in this correction pass.,open
eg-sp-0018-expert,sp-0018,plasma_control,Plasma control,priority,regulatory_or_domain_expert_required,Every frozen fusion profile is routed for routine domain-informed review; licensing additionally requires a fusion-regulatory reviewer.,,,Assign a named fusion-domain reviewer; assign a regulatory reviewer for licensing.,open
eg-sp-0019-source-id,sp-0019,materials_discovery_and_screening,Materials discovery and screening,routine,canonical_source_id_missing,Both pinned model submissions leave source_ids blank for this profile; agreement or an owner preference is not evidence.,,,Bank verified supporting sources later; do not invent or promote a source ID in this correction pass.,open
eg-sp-0019-expert,sp-0019,materials_discovery_and_screening,Materials discovery and screening,routine,regulatory_or_domain_expert_required,Every frozen fusion profile is routed for routine domain-informed review; licensing additionally requires a fusion-regulatory reviewer.,,,Assign a named fusion-domain reviewer; assign a regulatory reviewer for licensing.,open
eg-sp-0020-source-id,sp-0020,materials_qualification,Materials qualification,priority,canonical_source_id_missing,Both pinned model submissions leave source_ids blank for this profile; agreement or an owner preference is not evidence.,,,Bank verified supporting sources later; do not invent or promote a source ID in this correction pass.,open
eg-sp-0020-expert,sp-0020,materials_qualification,Materials qualification,priority,regulatory_or_domain_expert_required,Every frozen fusion profile is routed for routine domain-informed review; licensing additionally requires a fusion-regulatory reviewer.,,,Assign a named fusion-domain reviewer; assign a regulatory reviewer for licensing.,open
eg-sp-0021-source-id,sp-0021,magnets,Magnets,routine,canonical_source_id_missing,Both pinned model submissions leave source_ids blank for this profile; agreement or an owner preference is not evidence.,,,Bank verified supporting sources later; do not invent or promote a source ID in this correction pass.,open
eg-sp-0021-expert,sp-0021,magnets,Magnets,routine,regulatory_or_domain_expert_required,Every frozen fusion profile is routed for routine domain-informed review; licensing additionally requires a fusion-regulatory reviewer.,,,Assign a named fusion-domain reviewer; assign a regulatory reviewer for licensing.,open
eg-sp-0022-source-id,sp-0022,heating_and_current_drive,Heating and current drive,routine,canonical_source_id_missing,Both pinned model submissions leave source_ids blank for this profile; agreement or an owner preference is not evidence.,,,Bank verified supporting sources later; do not invent or promote a source ID in this correction pass.,open
eg-sp-0022-expert,sp-0022,heating_and_current_drive,Heating and current drive,routine,regulatory_or_domain_expert_required,Every frozen fusion profile is routed for routine domain-informed review; licensing additionally requires a fusion-regulatory reviewer.,,,Assign a named fusion-domain reviewer; assign a regulatory reviewer for licensing.,open
eg-sp-0023-source-id,sp-0023,plasma_facing_components,Plasma-facing components,routine,canonical_source_id_missing,Both pinned model submissions leave source_ids blank for this profile; agreement or an owner preference is not evidence.,,,Bank verified supporting sources later; do not invent or promote a source ID in this correction pass.,open
eg-sp-0023-expert,sp-0023,plasma_facing_components,Plasma-facing components,routine,regulatory_or_domain_expert_required,Every frozen fusion profile is routed for routine domain-informed review; licensing additionally requires a fusion-regulatory reviewer.,,,Assign a named fusion-domain reviewer; assign a regulatory reviewer for licensing.,open
eg-sp-0024-source-id,sp-0024,tritium_and_fuel_cycle,Tritium and fuel cycle,priority,canonical_source_id_missing,Both pinned model submissions leave source_ids blank for this profile; agreement or an owner preference is not evidence.,,,Bank verified supporting sources later; do not invent or promote a source ID in this correction pass.,open
eg-sp-0024-expert,sp-0024,tritium_and_fuel_cycle,Tritium and fuel cycle,priority,regulatory_or_domain_expert_required,Every frozen fusion profile is routed for routine domain-informed review; licensing additionally requires a fusion-regulatory reviewer.,,,Assign a named fusion-domain reviewer; assign a regulatory reviewer for licensing.,open
eg-sp-0024-observed-case,sp-0024,tritium_and_fuel_cycle,Tritium and fuel cycle,priority,no_directly_comparable_observed_case_exists,The submitted rationale states that pilot-scale tritium/fuel-cycle performance has not been demonstrated in a directly comparable case.,,,Preserve the limitation and use domain-reviewed analogies or explicitly bounded inference; do not fabricate an observed case.,open
eg-sp-0025-source-id,sp-0025,blankets,Blankets,priority,canonical_source_id_missing,Both pinned model submissions leave source_ids blank for this profile; agreement or an owner preference is not evidence.,,,Bank verified supporting sources later; do not invent or promote a source ID in this correction pass.,open
eg-sp-0025-expert,sp-0025,blankets,Blankets,priority,regulatory_or_domain_expert_required,Every frozen fusion profile is routed for routine domain-informed review; licensing additionally requires a fusion-regulatory reviewer.,,,Assign a named fusion-domain reviewer; assign a regulatory reviewer for licensing.,open
eg-sp-0025-observed-case,sp-0025,blankets,Blankets,priority,no_directly_comparable_observed_case_exists,The submitted rationale states that integrated blanket performance cannot yet be observed in a fusion-relevant test environment.,,,Preserve the limitation and use domain-reviewed analogies or explicitly bounded inference; do not fabricate an observed case.,open
eg-sp-0026-source-id,sp-0026,component_fabrication,Component fabrication,routine,canonical_source_id_missing,Both pinned model submissions leave source_ids blank for this profile; agreement or an owner preference is not evidence.,,,Bank verified supporting sources later; do not invent or promote a source ID in this correction pass.,open
eg-sp-0026-expert,sp-0026,component_fabrication,Component fabrication,routine,regulatory_or_domain_expert_required,Every frozen fusion profile is routed for routine domain-informed review; licensing additionally requires a fusion-regulatory reviewer.,,,Assign a named fusion-domain reviewer; assign a regulatory reviewer for licensing.,open
eg-sp-0027-source-id,sp-0027,construction,Construction,routine,canonical_source_id_missing,Both pinned model submissions leave source_ids blank for this profile; agreement or an owner preference is not evidence.,,,Bank verified supporting sources later; do not invent or promote a source ID in this correction pass.,open
eg-sp-0027-expert,sp-0027,construction,Construction,routine,regulatory_or_domain_expert_required,Every frozen fusion profile is routed for routine domain-informed review; licensing additionally requires a fusion-regulatory reviewer.,,,Assign a named fusion-domain reviewer; assign a regulatory reviewer for licensing.,open
eg-sp-0028-source-id,sp-0028,commissioning,Commissioning,priority,canonical_source_id_missing,Both pinned model submissions leave source_ids blank for this profile; agreement or an owner preference is not evidence.,,,Bank verified supporting sources later; do not invent or promote a source ID in this correction pass.,open
eg-sp-0028-expert,sp-0028,commissioning,Commissioning,priority,regulatory_or_domain_expert_required,Every frozen fusion profile is routed for routine domain-informed review; licensing additionally requires a fusion-regulatory reviewer.,,,Assign a named fusion-domain reviewer; assign a regulatory reviewer for licensing.,open
eg-sp-0029-source-id,sp-0029,reliability_demonstration,Reliability demonstration,priority,canonical_source_id_missing,Both pinned model submissions leave source_ids blank for this profile; agreement or an owner preference is not evidence.,,,Bank verified supporting sources later; do not invent or promote a source ID in this correction pass.,open
eg-sp-0029-expert,sp-0029,reliability_demonstration,Reliability demonstration,priority,regulatory_or_domain_expert_required,Every frozen fusion profile is routed for routine domain-informed review; licensing additionally requires a fusion-regulatory reviewer.,,,Assign a named fusion-domain reviewer; assign a regulatory reviewer for licensing.,open
eg-sp-0030-source-id,sp-0030,licensing,Licensing,priority,canonical_source_id_missing,Both pinned model submissions leave source_ids blank for this profile; agreement or an owner preference is not evidence.,,,Bank verified supporting sources later; do not invent or promote a source ID in this correction pass.,open
eg-sp-0030-expert,sp-0030,licensing,Licensing,priority,regulatory_or_domain_expert_required,Every frozen fusion profile is routed for routine domain-informed review; licensing additionally requires a fusion-regulatory reviewer.,,,Assign a named fusion-domain reviewer; assign a regulatory reviewer for licensing.,open
eg-sp-0031-source-id,sp-0031,grid_integration,Grid integration,priority,canonical_source_id_missing,Both pinned model submissions leave source_ids blank for this profile; agreement or an owner preference is not evidence.,,,Bank verified supporting sources later; do not invent or promote a source ID in this correction pass.,open
eg-sp-0031-expert,sp-0031,grid_integration,Grid integration,priority,regulatory_or_domain_expert_required,Every frozen fusion profile is routed for routine domain-informed review; licensing additionally requires a fusion-regulatory reviewer.,,,Assign a named fusion-domain reviewer; assign a regulatory reviewer for licensing.,open
eg-sp-0031-observed-case,sp-0031,grid_integration,Grid integration,priority,no_directly_comparable_observed_case_exists,The adopted owner rationale states that no directly comparable fusion-grid case exists.,,,Preserve the limitation and use domain-reviewed analogies or explicitly bounded inference; do not fabricate an observed case.,open
