profile_id,stage_id,workflow,sector,pathway_id,seed_review_id,seed_s5,independent_review_id,independent_s5,numeric_difference,comparison_status,owner_exception_id,owner_disposition,owner_rationale,adjudication_status,selected_s5,post_reconciliation_route
sp-0001,requirements_and_architecture,Requirements and architecture,Software engineering,mature_software_delivery_and_maintenance,seed-sp-0001-v1,3,independent-sp-0001-v1,2,1,one_point_difference,,,,audit_trail_retained_pending_targeted_s5_adjudication,,clarify_S5_then_targeted_S5_adjudication
sp-0002,implementation,Implementation,Software engineering,mature_software_delivery_and_maintenance,seed-sp-0002-v1,4,independent-sp-0002-v1,3,1,one_point_difference,,,,audit_trail_retained_pending_targeted_s5_adjudication,,clarify_S5_then_targeted_S5_adjudication
sp-0003,verification_and_validation,Verification and validation,Software engineering,mature_software_delivery_and_maintenance,seed-sp-0003-v1,4,independent-sp-0003-v1,2,2,difference_ge_2,exc-sp-0003-s5,prefer_independent,"Select S5=2. Under the bounded escaped-consequence rule, a false negative or incorrect validation can directly permit a defect to pass into release and create material rework or service impact. S5=4 understates that first-order consequence; the non-safety-critical scope keeps the value above the bottom anchors.",owner_disposition_recorded_pending_targeted_s5_adjudication,,clarify_S5_then_targeted_S5_adjudication
sp-0004,deployment,Deployment,Software engineering,mature_software_delivery_and_maintenance,seed-sp-0004-v1,2,independent-sp-0004-v1,1,1,one_point_difference,,,,audit_trail_retained_pending_targeted_s5_adjudication,,clarify_S5_then_targeted_S5_adjudication
sp-0005,operations_and_maintenance,Operations and maintenance,Software engineering,mature_software_delivery_and_maintenance,seed-sp-0005-v1,2,independent-sp-0005-v1,1,1,one_point_difference,,,,audit_trail_retained_pending_targeted_s5_adjudication,,clarify_S5_then_targeted_S5_adjudication
sp-0008,supply_and_tooling,Supply and tooling,Discrete manufacturing,discrete_manufacturing_npi_and_operations,seed-sp-0008-v1,1,independent-sp-0008-v1,2,1,one_point_difference,,,,audit_trail_retained_pending_targeted_s5_adjudication,,clarify_S5_then_targeted_S5_adjudication
sp-0011,production_and_process_control,Production and process control,Discrete manufacturing,discrete_manufacturing_npi_and_operations,seed-sp-0011-v1,2,independent-sp-0011-v1,1,1,one_point_difference,,,,audit_trail_retained_pending_targeted_s5_adjudication,,clarify_S5_then_targeted_S5_adjudication
sp-0012,quality_assurance,Quality assurance,Discrete manufacturing,discrete_manufacturing_npi_and_operations,seed-sp-0012-v1,2,independent-sp-0012-v1,1,1,one_point_difference,,,,audit_trail_retained_pending_targeted_s5_adjudication,,clarify_S5_then_targeted_S5_adjudication
sp-0013,maintenance_and_continuous_improvement,Maintenance and continuous improvement,Discrete manufacturing,discrete_manufacturing_npi_and_operations,seed-sp-0013-v1,2,independent-sp-0013-v1,1,1,one_point_difference,,,,audit_trail_retained_pending_targeted_s5_adjudication,,clarify_S5_then_targeted_S5_adjudication
sp-0014,theory_and_system_design,Theory and system design,"Fusion, magnetic confinement",tokamak_research_to_pilot_plant_demonstration,seed-sp-0014-v1,3,independent-sp-0014-v1,2,1,one_point_difference,,,,audit_trail_retained_pending_targeted_s5_adjudication,,clarify_S5_then_targeted_S5_adjudication
sp-0015,simulation,Simulation,"Fusion, magnetic confinement",tokamak_research_to_pilot_plant_demonstration,seed-sp-0015-v1,4,independent-sp-0015-v1,3,1,one_point_difference,,,,audit_trail_retained_pending_targeted_s5_adjudication,,clarify_S5_then_targeted_S5_adjudication
sp-0020,materials_qualification,Materials qualification,"Fusion, magnetic confinement",tokamak_research_to_pilot_plant_demonstration,seed-sp-0020-v1,1,independent-sp-0020-v1,0,1,one_point_difference,,,,audit_trail_retained_pending_targeted_s5_adjudication,,clarify_S5_then_targeted_S5_adjudication
sp-0023,plasma_facing_components,Plasma-facing components,"Fusion, magnetic confinement",tokamak_research_to_pilot_plant_demonstration,seed-sp-0023-v1,2,independent-sp-0023-v1,1,1,one_point_difference,,,,audit_trail_retained_pending_targeted_s5_adjudication,,clarify_S5_then_targeted_S5_adjudication
sp-0024,tritium_and_fuel_cycle,Tritium and fuel cycle,"Fusion, magnetic confinement",tokamak_research_to_pilot_plant_demonstration,seed-sp-0024-v1,1,independent-sp-0024-v1,0,1,one_point_difference,exc-sp-0024-s5,prefer_seed,"Select S5=1. Tritium-accountancy, containment or release errors can have serious radiological and regulatory consequences, but development-stage work is conducted through layered containment and many errors remain detectable and recoverable. S5=0 overgeneralizes the worst case to every error.",owner_disposition_recorded_pending_targeted_s5_adjudication,,clarify_S5_then_targeted_S5_adjudication
sp-0025,blankets,Blankets,"Fusion, magnetic confinement",tokamak_research_to_pilot_plant_demonstration,seed-sp-0025-v1,1,independent-sp-0025-v1,0,1,one_point_difference,exc-sp-0025-s5,prefer_seed,"Select S5=1. Blanket errors can affect heat removal, tritium functions and radiological safety, but the scoped stage is design, testing and pre-integration, where staged experiments and review contain many failures. The consequences are very serious without making every error catastrophic or irreversible.",owner_disposition_recorded_pending_targeted_s5_adjudication,,clarify_S5_then_targeted_S5_adjudication
sp-0028,commissioning,Commissioning,"Fusion, magnetic confinement",tokamak_research_to_pilot_plant_demonstration,seed-sp-0028-v1,1,independent-sp-0028-v1,0,1,one_point_difference,exc-sp-0028-s5,prefer_seed,"Select S5=1. Commissioning mistakes can damage unique installed hardware and create serious hazards, yet commissioning is deliberately staged, interlocked and reversible where practicable. The stage is low-tolerance, but S5=0 treats the severe tail as the ordinary error consequence.",owner_disposition_recorded_pending_targeted_s5_adjudication,,clarify_S5_then_targeted_S5_adjudication
sp-0029,reliability_demonstration,Reliability demonstration,"Fusion, magnetic confinement",tokamak_research_to_pilot_plant_demonstration,seed-sp-0029-v1,1,independent-sp-0029-v1,0,1,one_point_difference,exc-sp-0029-s5,prefer_seed,"Select S5=1. Component failures are the phenomenon reliability demonstration is designed to reveal and should not automatically be treated as errors by the stage. Errors in test conduct or inference can still waste irreplaceable operating time, so the stage remains low-tolerance rather than catastrophic by definition.",owner_disposition_recorded_pending_targeted_s5_adjudication,,clarify_S5_then_targeted_S5_adjudication
sp-0030,licensing,Licensing,"Fusion, magnetic confinement",tokamak_research_to_pilot_plant_demonstration,seed-sp-0030-v1,2,independent-sp-0030-v1,0,2,difference_ge_2,exc-sp-0030-s5,preserve_disagreement,"Preserve the 0-2 disagreement pending the S5 clarification and regulatory domain review. An erroneous approval can have grave downstream consequences, so S5=2 is too permissive; however, harm also requires operation and additional conditions, so S5=0 is too absolute. A later adjudicated value may be 1, but it should not be manufactured from two model submissions.",owner_disposition_recorded_pending_targeted_s5_adjudication,,clarify_S5_then_targeted_S5_adjudication
sp-0031,grid_integration,Grid integration,"Fusion, magnetic confinement",tokamak_research_to_pilot_plant_demonstration,seed-sp-0031-v1,1,independent-sp-0031-v1,0,1,one_point_difference,exc-sp-0031-s5,prefer_seed,"Select S5=1. Protection or integration errors can damage equipment and disturb a shared network, but layered protection, staged energization and utility operating procedures normally limit the direct consequence. This is very low tolerance, not automatically catastrophic or irreversible.",owner_disposition_recorded_pending_targeted_s5_adjudication,,clarify_S5_then_targeted_S5_adjudication
