claim_id,profile_id,stage_id,s_dimension,claim_text,claim_type,evidence_basis,pack_source_ids,candidate_source_ids,support_direction,directness,scope_match,pathway_match,lifecycle_match,quantitative_value,unit,denominator,time_period,source_locator,counterevidence_or_confounder,verification_status,review_route,notes
fusion-clm-001,sp-0014,theory_and_system_design,S1,The verified source set informs information intensity for Theory and system design only by bounded analogy or adjacent-stage evidence.,inference,inference,S-US-STELLAR;S-US-STELLFOUNDRY;S-US-DOE-ROAD;S-US-DCP,fusion-src-024;fusion-src-025;fusion-src-028,supports_with_limits,indirect,partial,frozen_tokamak_pathway,partial,missing,missing,missing,through_2026-08-31,See source_inventory_v1.csv key_claims and numerical_claims_and_locators fields.,"Pathway, lifecycle, jurisdiction, denominator, and metric definitions must not be collapsed.",verified_inventory_mapping,routine_domain_review_no_owner_action,Coverage statement only; this row does not select or recode an S value.
fusion-clm-002,sp-0014,theory_and_system_design,S2,The verified source set informs feedback speed for Theory and system design only by bounded analogy or adjacent-stage evidence.,inference,inference,S-US-STELLAR;S-US-STELLFOUNDRY;S-US-DOE-ROAD;S-US-DCP,fusion-src-024;fusion-src-025;fusion-src-028,supports_with_limits,indirect,partial,frozen_tokamak_pathway,partial,missing,missing,missing,through_2026-08-31,See source_inventory_v1.csv key_claims and numerical_claims_and_locators fields.,"Pathway, lifecycle, jurisdiction, denominator, and metric definitions must not be collapsed.",verified_inventory_mapping,routine_domain_review_no_owner_action,Coverage statement only; this row does not select or recode an S value.
fusion-clm-003,sp-0014,theory_and_system_design,S3,The verified source set informs experiment affordability and throughput for Theory and system design only by bounded analogy or adjacent-stage evidence.,inference,inference,S-US-STELLAR;S-US-STELLFOUNDRY;S-US-DOE-ROAD;S-US-DCP,fusion-src-024;fusion-src-025;fusion-src-028,supports_with_limits,indirect,partial,frozen_tokamak_pathway,partial,missing,missing,missing,through_2026-08-31,See source_inventory_v1.csv key_claims and numerical_claims_and_locators fields.,"Pathway, lifecycle, jurisdiction, denominator, and metric definitions must not be collapsed.",verified_inventory_mapping,routine_domain_review_no_owner_action,Coverage statement only; this row does not select or recode an S value.
fusion-clm-004,sp-0014,theory_and_system_design,S4,The verified source set complicates any simple claim about physical flexibility or elapsed-time floors for Theory and system design; physical scope and lifecycle distinctions remain load-bearing.,inference,inference,S-US-STELLAR;S-US-STELLFOUNDRY;S-US-DOE-ROAD;S-US-DCP,fusion-src-024;fusion-src-025;fusion-src-028,complicates,indirect,partial,frozen_tokamak_pathway,partial,missing,missing,missing,through_2026-08-31,See source_inventory_v1.csv key_claims and numerical_claims_and_locators fields.,"Pathway, lifecycle, jurisdiction, denominator, and metric definitions must not be collapsed.",verified_inventory_mapping,routine_domain_review_no_owner_action,Coverage statement only; this row does not select or recode an S value.
fusion-clm-005,sp-0014,theory_and_system_design,S5,A bounded first-pass search located no suitable source directly supporting a claim about intrinsic error tolerance for Theory and system design; this is not evidence of absence.,commentary,commentary,missing,missing,unresolved,none,not_assessable,frozen_tokamak_pathway,not_assessable,missing,missing,missing,through_2026-08-31,missing,No evidence located is not evidence of absence.,unresolved_bounded_search,routine_domain_review_no_owner_action,Coverage statement only; this row does not select or recode an S value.
fusion-clm-006,sp-0015,simulation,S1,The verified source set directly informs information intensity for Simulation within the frozen research-to-pilot pathway.,observed experimental result,observed experimental result,S-CN-HL3-AI;S-AI-TCV;unassigned_pack_table;S-US-STELLAR,fusion-src-007;fusion-src-017;fusion-src-022;fusion-src-023;fusion-src-024,supports,direct,exact_stage,frozen_tokamak_pathway,matched,missing,missing,missing,through_2026-08-31,See source_inventory_v1.csv key_claims and numerical_claims_and_locators fields.,"Pathway, lifecycle, jurisdiction, denominator, and metric definitions must not be collapsed.",verified_inventory_mapping,routine_domain_review_no_owner_action,Coverage statement only; this row does not select or recode an S value.
fusion-clm-007,sp-0015,simulation,S2,The verified source set informs feedback speed for Simulation only by bounded analogy or adjacent-stage evidence.,inference,inference,S-CN-HL3-AI;S-AI-TCV;unassigned_pack_table;S-US-STELLAR,fusion-src-007;fusion-src-017;fusion-src-022;fusion-src-023;fusion-src-024,supports_with_limits,indirect,partial,frozen_tokamak_pathway,partial,missing,missing,missing,through_2026-08-31,See source_inventory_v1.csv key_claims and numerical_claims_and_locators fields.,"Pathway, lifecycle, jurisdiction, denominator, and metric definitions must not be collapsed.",verified_inventory_mapping,routine_domain_review_no_owner_action,Coverage statement only; this row does not select or recode an S value.
fusion-clm-008,sp-0015,simulation,S3,The verified source set informs experiment affordability and throughput for Simulation only by bounded analogy or adjacent-stage evidence.,inference,inference,S-CN-HL3-AI;S-AI-TCV;unassigned_pack_table;S-US-STELLAR,fusion-src-007;fusion-src-017;fusion-src-022;fusion-src-023;fusion-src-024,supports_with_limits,indirect,partial,frozen_tokamak_pathway,partial,missing,missing,missing,through_2026-08-31,See source_inventory_v1.csv key_claims and numerical_claims_and_locators fields.,"Pathway, lifecycle, jurisdiction, denominator, and metric definitions must not be collapsed.",verified_inventory_mapping,routine_domain_review_no_owner_action,Coverage statement only; this row does not select or recode an S value.
fusion-clm-009,sp-0015,simulation,S4,The verified source set complicates any simple claim about physical flexibility or elapsed-time floors for Simulation; physical scope and lifecycle distinctions remain load-bearing.,inference,inference,S-CN-HL3-AI;S-AI-TCV;unassigned_pack_table;S-US-STELLAR,fusion-src-007;fusion-src-017;fusion-src-022;fusion-src-023;fusion-src-024,complicates,indirect,partial,frozen_tokamak_pathway,partial,missing,missing,missing,through_2026-08-31,See source_inventory_v1.csv key_claims and numerical_claims_and_locators fields.,"Pathway, lifecycle, jurisdiction, denominator, and metric definitions must not be collapsed.",verified_inventory_mapping,routine_domain_review_no_owner_action,Coverage statement only; this row does not select or recode an S value.
fusion-clm-010,sp-0015,simulation,S5,A bounded first-pass search located no suitable source directly supporting a claim about intrinsic error tolerance for Simulation; this is not evidence of absence.,commentary,commentary,missing,missing,unresolved,none,not_assessable,frozen_tokamak_pathway,not_assessable,missing,missing,missing,through_2026-08-31,missing,No evidence located is not evidence of absence.,unresolved_bounded_search,routine_domain_review_no_owner_action,Coverage statement only; this row does not select or recode an S value.
fusion-clm-011,sp-0016,experiment_selection,S1,The verified source set informs information intensity for Experiment selection only by bounded analogy or adjacent-stage evidence.,inference,inference,S-AI-DIII-D;S-AI-KSTAR-D3D;S-US-STELLAR;S-US-STELLFOUNDRY,fusion-src-018;fusion-src-019;fusion-src-024;fusion-src-025,supports_with_limits,indirect,partial,frozen_tokamak_pathway,partial,missing,missing,missing,through_2026-08-31,See source_inventory_v1.csv key_claims and numerical_claims_and_locators fields.,"Pathway, lifecycle, jurisdiction, denominator, and metric definitions must not be collapsed.",verified_inventory_mapping,routine_domain_review_no_owner_action,Coverage statement only; this row does not select or recode an S value.
fusion-clm-012,sp-0016,experiment_selection,S2,The verified source set informs feedback speed for Experiment selection only by bounded analogy or adjacent-stage evidence.,inference,inference,S-AI-DIII-D;S-AI-KSTAR-D3D;S-US-STELLAR;S-US-STELLFOUNDRY,fusion-src-018;fusion-src-019;fusion-src-024;fusion-src-025,supports_with_limits,indirect,partial,frozen_tokamak_pathway,partial,missing,missing,missing,through_2026-08-31,See source_inventory_v1.csv key_claims and numerical_claims_and_locators fields.,"Pathway, lifecycle, jurisdiction, denominator, and metric definitions must not be collapsed.",verified_inventory_mapping,routine_domain_review_no_owner_action,Coverage statement only; this row does not select or recode an S value.
fusion-clm-013,sp-0016,experiment_selection,S3,The verified source set informs experiment affordability and throughput for Experiment selection only by bounded analogy or adjacent-stage evidence.,inference,inference,S-AI-DIII-D;S-AI-KSTAR-D3D;S-US-STELLAR;S-US-STELLFOUNDRY,fusion-src-018;fusion-src-019;fusion-src-024;fusion-src-025,supports_with_limits,indirect,partial,frozen_tokamak_pathway,partial,missing,missing,missing,through_2026-08-31,See source_inventory_v1.csv key_claims and numerical_claims_and_locators fields.,"Pathway, lifecycle, jurisdiction, denominator, and metric definitions must not be collapsed.",verified_inventory_mapping,routine_domain_review_no_owner_action,Coverage statement only; this row does not select or recode an S value.
fusion-clm-014,sp-0016,experiment_selection,S4,A bounded first-pass search located no suitable source directly supporting a claim about physical flexibility or elapsed-time floors for Experiment selection; this is not evidence of absence.,commentary,commentary,missing,missing,unresolved,none,not_assessable,frozen_tokamak_pathway,not_assessable,missing,missing,missing,through_2026-08-31,missing,No evidence located is not evidence of absence.,unresolved_bounded_search,routine_domain_review_no_owner_action,Coverage statement only; this row does not select or recode an S value.
fusion-clm-015,sp-0016,experiment_selection,S5,A bounded first-pass search located no suitable source directly supporting a claim about intrinsic error tolerance for Experiment selection; this is not evidence of absence.,commentary,commentary,missing,missing,unresolved,none,not_assessable,frozen_tokamak_pathway,not_assessable,missing,missing,missing,through_2026-08-31,missing,No evidence located is not evidence of absence.,unresolved_bounded_search,routine_domain_review_no_owner_action,Coverage statement only; this row does not select or recode an S value.
fusion-clm-016,sp-0017,diagnostics,S1,The verified source set directly informs information intensity for Diagnostics within the frozen research-to-pilot pathway.,proof of concept,proof of concept,S-CN-EAST-AI;S-AI-TRANSFER;S-AI-DIAG;unassigned_pack_table,fusion-src-008;fusion-src-009;fusion-src-020;fusion-src-021;fusion-src-022,supports,direct,exact_stage,frozen_tokamak_pathway,matched,missing,missing,missing,through_2026-08-31,See source_inventory_v1.csv key_claims and numerical_claims_and_locators fields.,"Pathway, lifecycle, jurisdiction, denominator, and metric definitions must not be collapsed.",verified_inventory_mapping,routine_domain_review_no_owner_action,Coverage statement only; this row does not select or recode an S value.
fusion-clm-017,sp-0017,diagnostics,S2,The verified source set directly informs feedback speed for Diagnostics within the frozen research-to-pilot pathway.,proof of concept,proof of concept,S-CN-EAST-AI;S-AI-TRANSFER;S-AI-DIAG;unassigned_pack_table,fusion-src-008;fusion-src-009;fusion-src-020;fusion-src-021;fusion-src-022,supports,direct,exact_stage,frozen_tokamak_pathway,matched,missing,missing,missing,through_2026-08-31,See source_inventory_v1.csv key_claims and numerical_claims_and_locators fields.,"Pathway, lifecycle, jurisdiction, denominator, and metric definitions must not be collapsed.",verified_inventory_mapping,routine_domain_review_no_owner_action,Coverage statement only; this row does not select or recode an S value.
fusion-clm-018,sp-0017,diagnostics,S3,The verified source set informs experiment affordability and throughput for Diagnostics only by bounded analogy or adjacent-stage evidence.,inference,inference,S-CN-EAST-AI;S-AI-TRANSFER;S-AI-DIAG;unassigned_pack_table,fusion-src-008;fusion-src-009;fusion-src-020;fusion-src-021;fusion-src-022,supports_with_limits,indirect,partial,frozen_tokamak_pathway,partial,missing,missing,missing,through_2026-08-31,See source_inventory_v1.csv key_claims and numerical_claims_and_locators fields.,"Pathway, lifecycle, jurisdiction, denominator, and metric definitions must not be collapsed.",verified_inventory_mapping,routine_domain_review_no_owner_action,Coverage statement only; this row does not select or recode an S value.
fusion-clm-019,sp-0017,diagnostics,S4,A bounded first-pass search located no suitable source directly supporting a claim about physical flexibility or elapsed-time floors for Diagnostics; this is not evidence of absence.,commentary,commentary,missing,missing,unresolved,none,not_assessable,frozen_tokamak_pathway,not_assessable,missing,missing,missing,through_2026-08-31,missing,No evidence located is not evidence of absence.,unresolved_bounded_search,routine_domain_review_no_owner_action,Coverage statement only; this row does not select or recode an S value.
fusion-clm-020,sp-0017,diagnostics,S5,The verified source set complicates any simple claim about intrinsic error tolerance for Diagnostics; physical scope and lifecycle distinctions remain load-bearing.,inference,inference,S-CN-EAST-AI;S-AI-TRANSFER;S-AI-DIAG;unassigned_pack_table,fusion-src-008;fusion-src-009;fusion-src-020;fusion-src-021;fusion-src-022,complicates,indirect,partial,frozen_tokamak_pathway,partial,missing,missing,missing,through_2026-08-31,See source_inventory_v1.csv key_claims and numerical_claims_and_locators fields.,"Pathway, lifecycle, jurisdiction, denominator, and metric definitions must not be collapsed.",verified_inventory_mapping,routine_domain_review_no_owner_action,Coverage statement only; this row does not select or recode an S value.
fusion-clm-021,sp-0018,plasma_control,S1,The verified source set directly informs information intensity for Plasma control within the frozen research-to-pilot pathway.,observed experimental result,observed experimental result,S-CN-HL3-AI;S-AI-TCV;S-AI-DIII-D;S-AI-KSTAR-D3D,fusion-src-007;fusion-src-017;fusion-src-018;fusion-src-019,supports,direct,exact_stage,frozen_tokamak_pathway,matched,missing,missing,missing,through_2026-08-31,See source_inventory_v1.csv key_claims and numerical_claims_and_locators fields.,"Pathway, lifecycle, jurisdiction, denominator, and metric definitions must not be collapsed.",verified_inventory_mapping,routine_domain_review_no_owner_action,Coverage statement only; this row does not select or recode an S value.
fusion-clm-022,sp-0018,plasma_control,S2,The verified source set directly informs feedback speed for Plasma control within the frozen research-to-pilot pathway.,observed experimental result,observed experimental result,S-CN-HL3-AI;S-AI-TCV;S-AI-DIII-D;S-AI-KSTAR-D3D,fusion-src-007;fusion-src-017;fusion-src-018;fusion-src-019,supports,direct,exact_stage,frozen_tokamak_pathway,matched,missing,missing,missing,through_2026-08-31,See source_inventory_v1.csv key_claims and numerical_claims_and_locators fields.,"Pathway, lifecycle, jurisdiction, denominator, and metric definitions must not be collapsed.",verified_inventory_mapping,routine_domain_review_no_owner_action,Coverage statement only; this row does not select or recode an S value.
fusion-clm-023,sp-0018,plasma_control,S3,The verified source set directly informs experiment affordability and throughput for Plasma control within the frozen research-to-pilot pathway.,observed experimental result,observed experimental result,S-CN-HL3-AI;S-AI-TCV;S-AI-DIII-D;S-AI-KSTAR-D3D,fusion-src-007;fusion-src-017;fusion-src-018;fusion-src-019,supports,direct,exact_stage,frozen_tokamak_pathway,matched,missing,missing,missing,through_2026-08-31,See source_inventory_v1.csv key_claims and numerical_claims_and_locators fields.,"Pathway, lifecycle, jurisdiction, denominator, and metric definitions must not be collapsed.",verified_inventory_mapping,routine_domain_review_no_owner_action,Coverage statement only; this row does not select or recode an S value.
fusion-clm-024,sp-0018,plasma_control,S4,The verified source set complicates any simple claim about physical flexibility or elapsed-time floors for Plasma control; physical scope and lifecycle distinctions remain load-bearing.,inference,inference,S-CN-HL3-AI;S-AI-TCV;S-AI-DIII-D;S-AI-KSTAR-D3D,fusion-src-007;fusion-src-017;fusion-src-018;fusion-src-019,complicates,indirect,partial,frozen_tokamak_pathway,partial,missing,missing,missing,through_2026-08-31,See source_inventory_v1.csv key_claims and numerical_claims_and_locators fields.,"Pathway, lifecycle, jurisdiction, denominator, and metric definitions must not be collapsed.",verified_inventory_mapping,routine_domain_review_no_owner_action,Coverage statement only; this row does not select or recode an S value.
fusion-clm-025,sp-0018,plasma_control,S5,The verified source set complicates any simple claim about intrinsic error tolerance for Plasma control; physical scope and lifecycle distinctions remain load-bearing.,inference,inference,S-CN-HL3-AI;S-AI-TCV;S-AI-DIII-D;S-AI-KSTAR-D3D,fusion-src-007;fusion-src-017;fusion-src-018;fusion-src-019,complicates,indirect,partial,frozen_tokamak_pathway,partial,missing,missing,missing,through_2026-08-31,See source_inventory_v1.csv key_claims and numerical_claims_and_locators fields.,"Pathway, lifecycle, jurisdiction, denominator, and metric definitions must not be collapsed.",verified_inventory_mapping,routine_domain_review_no_owner_action,Coverage statement only; this row does not select or recode an S value.
fusion-clm-026,sp-0019,materials_discovery_and_screening,S1,The verified source set informs information intensity for Materials discovery and screening only by bounded analogy or adjacent-stage evidence.,inference,inference,S-US-MPEX-AI;S-US-DOE-ROAD;S-US-DCP,fusion-src-027;fusion-src-028,supports_with_limits,indirect,partial,frozen_tokamak_pathway,partial,missing,missing,missing,through_2026-08-31,See source_inventory_v1.csv key_claims and numerical_claims_and_locators fields.,"Pathway, lifecycle, jurisdiction, denominator, and metric definitions must not be collapsed.",verified_inventory_mapping,routine_domain_review_no_owner_action,Coverage statement only; this row does not select or recode an S value.
fusion-clm-027,sp-0019,materials_discovery_and_screening,S2,A bounded first-pass search located no suitable source directly supporting a claim about feedback speed for Materials discovery and screening; this is not evidence of absence.,commentary,commentary,missing,missing,unresolved,none,not_assessable,frozen_tokamak_pathway,not_assessable,missing,missing,missing,through_2026-08-31,missing,No evidence located is not evidence of absence.,unresolved_bounded_search,routine_domain_review_no_owner_action,Coverage statement only; this row does not select or recode an S value.
fusion-clm-028,sp-0019,materials_discovery_and_screening,S3,A bounded first-pass search located no suitable source directly supporting a claim about experiment affordability and throughput for Materials discovery and screening; this is not evidence of absence.,commentary,commentary,missing,missing,unresolved,none,not_assessable,frozen_tokamak_pathway,not_assessable,missing,missing,missing,through_2026-08-31,missing,No evidence located is not evidence of absence.,unresolved_bounded_search,routine_domain_review_no_owner_action,Coverage statement only; this row does not select or recode an S value.
fusion-clm-029,sp-0019,materials_discovery_and_screening,S4,The verified source set complicates any simple claim about physical flexibility or elapsed-time floors for Materials discovery and screening; physical scope and lifecycle distinctions remain load-bearing.,inference,inference,S-US-MPEX-AI;S-US-DOE-ROAD;S-US-DCP,fusion-src-027;fusion-src-028,complicates,indirect,partial,frozen_tokamak_pathway,partial,missing,missing,missing,through_2026-08-31,See source_inventory_v1.csv key_claims and numerical_claims_and_locators fields.,"Pathway, lifecycle, jurisdiction, denominator, and metric definitions must not be collapsed.",verified_inventory_mapping,routine_domain_review_no_owner_action,Coverage statement only; this row does not select or recode an S value.
fusion-clm-030,sp-0019,materials_discovery_and_screening,S5,A bounded first-pass search located no suitable source directly supporting a claim about intrinsic error tolerance for Materials discovery and screening; this is not evidence of absence.,commentary,commentary,missing,missing,unresolved,none,not_assessable,frozen_tokamak_pathway,not_assessable,missing,missing,missing,through_2026-08-31,missing,No evidence located is not evidence of absence.,unresolved_bounded_search,routine_domain_review_no_owner_action,Coverage statement only; this row does not select or recode an S value.
fusion-clm-031,sp-0020,materials_qualification,S1,The verified source set informs information intensity for Materials qualification only by bounded analogy or adjacent-stage evidence.,inference,inference,targeted_ifmif_dones;S-CN-ROADMAP;S-US-MPEX;S-US-MPEX-AI;S-US-DOE-ROAD;S-US-DCP;S-ITER-TRITIUM,fusion-src-046;fusion-src-045;fusion-src-003;fusion-src-026;fusion-src-027;fusion-src-028;fusion-src-038,supports_with_limits,indirect,partial,frozen_tokamak_pathway,partial,missing,missing,missing,through_2026-08-31,See source_inventory_v1.csv key_claims and numerical_claims_and_locators fields.,"Pathway, lifecycle, jurisdiction, denominator, and metric definitions must not be collapsed.",verified_inventory_mapping,routine_domain_review_no_owner_action,Coverage statement only; this row does not select or recode an S value.
fusion-clm-032,sp-0020,materials_qualification,S2,IFMIF-DONES design and programme-target sources directly establish a planned multi-year irradiation-and-post-irradiation-examination feedback chain for materials qualification; they do not report a completed dataset.,official target,official target,targeted_ifmif_dones;S-CN-ROADMAP;S-US-MPEX;S-US-MPEX-AI;S-US-DOE-ROAD;S-US-DCP;S-ITER-TRITIUM,fusion-src-046;fusion-src-045;fusion-src-003;fusion-src-026;fusion-src-027;fusion-src-028;fusion-src-038,supports,direct,exact_stage,frozen_tokamak_pathway,designed_under_development_not_completed,missing,missing,missing,through_2026-08-31,See source_inventory_v1.csv key_claims and numerical_claims_and_locators fields.,"Pathway, lifecycle, jurisdiction, denominator, and metric definitions must not be collapsed.",verified_inventory_mapping,owner_promotion_scope_exception,Coverage statement only; this row does not select or recode an S value.
fusion-clm-033,sp-0020,materials_qualification,S3,"IFMIF-DONES planned irradiation volumes and modular campaigns inform qualification throughput only indirectly; they do not establish observed affordability, completed throughput, or acceptance.",inference,inference,targeted_ifmif_dones;S-CN-ROADMAP;S-US-MPEX;S-US-MPEX-AI;S-US-DOE-ROAD;S-US-DCP;S-ITER-TRITIUM,fusion-src-046;fusion-src-045;fusion-src-003;fusion-src-026;fusion-src-027;fusion-src-028;fusion-src-038,supports_with_limits,indirect,partial,frozen_tokamak_pathway,partial,missing,missing,missing,through_2026-08-31,See source_inventory_v1.csv key_claims and numerical_claims_and_locators fields.,"Pathway, lifecycle, jurisdiction, denominator, and metric definitions must not be collapsed.",verified_inventory_mapping,routine_domain_review_no_owner_action,Coverage statement only; this row does not select or recode an S value.
fusion-clm-034,sp-0020,materials_qualification,S4,IFMIF-DONES design and programme-target sources directly support a substantial physical materials-qualification time floor: roughly 2.5-3 full-power years of irradiation before the remaining examination and acceptance chain.,official target,official target,targeted_ifmif_dones;S-CN-ROADMAP;S-US-MPEX;S-US-MPEX-AI;S-US-DOE-ROAD;S-US-DCP;S-ITER-TRITIUM,fusion-src-046;fusion-src-045;fusion-src-003;fusion-src-026;fusion-src-027;fusion-src-028;fusion-src-038,supports,direct,exact_stage,frozen_tokamak_pathway,designed_under_development_not_completed,missing,missing,missing,through_2026-08-31,See source_inventory_v1.csv key_claims and numerical_claims_and_locators fields.,"Pathway, lifecycle, jurisdiction, denominator, and metric definitions must not be collapsed.",verified_inventory_mapping,owner_promotion_scope_exception,Coverage statement only; this row does not select or recode an S value.
fusion-clm-035,sp-0020,materials_qualification,S5,A bounded first-pass search located no suitable source directly supporting a claim about intrinsic error tolerance for Materials qualification; this is not evidence of absence.,commentary,commentary,missing,missing,unresolved,none,not_assessable,frozen_tokamak_pathway,not_assessable,missing,missing,missing,through_2026-08-31,missing,No evidence located is not evidence of absence.,unresolved_bounded_search,routine_domain_review_no_owner_action,Coverage statement only; this row does not select or recode an S value.
fusion-clm-036,sp-0021,magnets,S1,The verified source set informs information intensity for Magnets only by bounded analogy or adjacent-stage evidence.,inference,inference,S-CN-CRAFT-TF;S-CN-HH70-CO,fusion-src-002;fusion-src-012;fusion-src-014,supports_with_limits,indirect,partial,frozen_tokamak_pathway,partial,missing,missing,missing,through_2026-08-31,See source_inventory_v1.csv key_claims and numerical_claims_and_locators fields.,"Pathway, lifecycle, jurisdiction, denominator, and metric definitions must not be collapsed.",verified_inventory_mapping,routine_domain_review_no_owner_action,Coverage statement only; this row does not select or recode an S value.
fusion-clm-037,sp-0021,magnets,S2,The verified source set directly informs feedback speed for Magnets within the frozen research-to-pilot pathway.,observed facility milestone,observed facility milestone,S-CN-CRAFT-TF;S-CN-HH70-CO,fusion-src-002;fusion-src-012;fusion-src-014,supports,direct,exact_stage,frozen_tokamak_pathway,matched,missing,missing,missing,through_2026-08-31,See source_inventory_v1.csv key_claims and numerical_claims_and_locators fields.,"Pathway, lifecycle, jurisdiction, denominator, and metric definitions must not be collapsed.",verified_inventory_mapping,routine_domain_review_no_owner_action,Coverage statement only; this row does not select or recode an S value.
fusion-clm-038,sp-0021,magnets,S3,The verified source set complicates any simple claim about experiment affordability and throughput for Magnets; physical scope and lifecycle distinctions remain load-bearing.,inference,inference,S-CN-CRAFT-TF;S-CN-HH70-CO,fusion-src-002;fusion-src-012;fusion-src-014,complicates,indirect,partial,frozen_tokamak_pathway,partial,missing,missing,missing,through_2026-08-31,See source_inventory_v1.csv key_claims and numerical_claims_and_locators fields.,"Pathway, lifecycle, jurisdiction, denominator, and metric definitions must not be collapsed.",verified_inventory_mapping,routine_domain_review_no_owner_action,Coverage statement only; this row does not select or recode an S value.
fusion-clm-039,sp-0021,magnets,S4,The verified source set directly informs physical flexibility or elapsed-time floors for Magnets within the frozen research-to-pilot pathway.,observed facility milestone,observed facility milestone,S-CN-CRAFT-TF;S-CN-HH70-CO,fusion-src-002;fusion-src-012;fusion-src-014,supports,direct,exact_stage,frozen_tokamak_pathway,matched,missing,missing,missing,through_2026-08-31,See source_inventory_v1.csv key_claims and numerical_claims_and_locators fields.,"Pathway, lifecycle, jurisdiction, denominator, and metric definitions must not be collapsed.",verified_inventory_mapping,routine_domain_review_no_owner_action,Coverage statement only; this row does not select or recode an S value.
fusion-clm-040,sp-0021,magnets,S5,The verified source set complicates any simple claim about intrinsic error tolerance for Magnets; physical scope and lifecycle distinctions remain load-bearing.,inference,inference,S-CN-CRAFT-TF;S-CN-HH70-CO,fusion-src-002;fusion-src-012;fusion-src-014,complicates,indirect,partial,frozen_tokamak_pathway,partial,missing,missing,missing,through_2026-08-31,See source_inventory_v1.csv key_claims and numerical_claims_and_locators fields.,"Pathway, lifecycle, jurisdiction, denominator, and metric definitions must not be collapsed.",verified_inventory_mapping,routine_domain_review_no_owner_action,Coverage statement only; this row does not select or recode an S value.
fusion-clm-041,sp-0022,heating_and_current_drive,S1,The verified source set informs information intensity for Heating and current drive only by bounded analogy or adjacent-stage evidence.,inference,inference,S-CN-HL3;S-US-DIII-D;S-JP-JT60,fusion-src-005;fusion-src-029;fusion-src-034,supports_with_limits,indirect,partial,frozen_tokamak_pathway,partial,missing,missing,missing,through_2026-08-31,See source_inventory_v1.csv key_claims and numerical_claims_and_locators fields.,"Pathway, lifecycle, jurisdiction, denominator, and metric definitions must not be collapsed.",verified_inventory_mapping,routine_domain_review_no_owner_action,Coverage statement only; this row does not select or recode an S value.
fusion-clm-042,sp-0022,heating_and_current_drive,S2,The verified source set directly informs feedback speed for Heating and current drive within the frozen research-to-pilot pathway.,observed facility milestone,observed facility milestone,S-CN-HL3;S-US-DIII-D;S-JP-JT60,fusion-src-005;fusion-src-029;fusion-src-034,supports,direct,exact_stage,frozen_tokamak_pathway,matched,missing,missing,missing,through_2026-08-31,See source_inventory_v1.csv key_claims and numerical_claims_and_locators fields.,"Pathway, lifecycle, jurisdiction, denominator, and metric definitions must not be collapsed.",verified_inventory_mapping,routine_domain_review_no_owner_action,Coverage statement only; this row does not select or recode an S value.
fusion-clm-043,sp-0022,heating_and_current_drive,S3,The verified source set complicates any simple claim about experiment affordability and throughput for Heating and current drive; physical scope and lifecycle distinctions remain load-bearing.,inference,inference,S-CN-HL3;S-US-DIII-D;S-JP-JT60,fusion-src-005;fusion-src-029;fusion-src-034,complicates,indirect,partial,frozen_tokamak_pathway,partial,missing,missing,missing,through_2026-08-31,See source_inventory_v1.csv key_claims and numerical_claims_and_locators fields.,"Pathway, lifecycle, jurisdiction, denominator, and metric definitions must not be collapsed.",verified_inventory_mapping,routine_domain_review_no_owner_action,Coverage statement only; this row does not select or recode an S value.
fusion-clm-044,sp-0022,heating_and_current_drive,S4,The verified source set directly informs physical flexibility or elapsed-time floors for Heating and current drive within the frozen research-to-pilot pathway.,observed facility milestone,observed facility milestone,S-CN-HL3;S-US-DIII-D;S-JP-JT60,fusion-src-005;fusion-src-029;fusion-src-034,supports,direct,exact_stage,frozen_tokamak_pathway,matched,missing,missing,missing,through_2026-08-31,See source_inventory_v1.csv key_claims and numerical_claims_and_locators fields.,"Pathway, lifecycle, jurisdiction, denominator, and metric definitions must not be collapsed.",verified_inventory_mapping,routine_domain_review_no_owner_action,Coverage statement only; this row does not select or recode an S value.
fusion-clm-045,sp-0022,heating_and_current_drive,S5,The verified source set complicates any simple claim about intrinsic error tolerance for Heating and current drive; physical scope and lifecycle distinctions remain load-bearing.,inference,inference,S-CN-HL3;S-US-DIII-D;S-JP-JT60,fusion-src-005;fusion-src-029;fusion-src-034,complicates,indirect,partial,frozen_tokamak_pathway,partial,missing,missing,missing,through_2026-08-31,See source_inventory_v1.csv key_claims and numerical_claims_and_locators fields.,"Pathway, lifecycle, jurisdiction, denominator, and metric definitions must not be collapsed.",verified_inventory_mapping,routine_domain_review_no_owner_action,Coverage statement only; this row does not select or recode an S value.
fusion-clm-046,sp-0023,plasma_facing_components,S1,The verified source set informs information intensity for Plasma-facing components only by bounded analogy or adjacent-stage evidence.,inference,inference,S-US-MPEX;S-US-MPEX-AI;S-DE-W7X;S-ITER-TRITIUM,fusion-src-026;fusion-src-027;fusion-src-032;fusion-src-038,supports_with_limits,indirect,partial,frozen_tokamak_pathway,partial,missing,missing,missing,through_2026-08-31,See source_inventory_v1.csv key_claims and numerical_claims_and_locators fields.,"Pathway, lifecycle, jurisdiction, denominator, and metric definitions must not be collapsed.",verified_inventory_mapping,routine_domain_review_no_owner_action,Coverage statement only; this row does not select or recode an S value.
fusion-clm-047,sp-0023,plasma_facing_components,S2,The verified source set complicates any simple claim about feedback speed for Plasma-facing components; physical scope and lifecycle distinctions remain load-bearing.,inference,inference,S-US-MPEX;S-US-MPEX-AI;S-DE-W7X;S-ITER-TRITIUM,fusion-src-026;fusion-src-027;fusion-src-032;fusion-src-038,complicates,indirect,partial,frozen_tokamak_pathway,partial,missing,missing,missing,through_2026-08-31,See source_inventory_v1.csv key_claims and numerical_claims_and_locators fields.,"Pathway, lifecycle, jurisdiction, denominator, and metric definitions must not be collapsed.",verified_inventory_mapping,routine_domain_review_no_owner_action,Coverage statement only; this row does not select or recode an S value.
fusion-clm-048,sp-0023,plasma_facing_components,S3,The verified source set complicates any simple claim about experiment affordability and throughput for Plasma-facing components; physical scope and lifecycle distinctions remain load-bearing.,inference,inference,S-US-MPEX;S-US-MPEX-AI;S-DE-W7X;S-ITER-TRITIUM,fusion-src-026;fusion-src-027;fusion-src-032;fusion-src-038,complicates,indirect,partial,frozen_tokamak_pathway,partial,missing,missing,missing,through_2026-08-31,See source_inventory_v1.csv key_claims and numerical_claims_and_locators fields.,"Pathway, lifecycle, jurisdiction, denominator, and metric definitions must not be collapsed.",verified_inventory_mapping,routine_domain_review_no_owner_action,Coverage statement only; this row does not select or recode an S value.
fusion-clm-049,sp-0023,plasma_facing_components,S4,The verified source set directly informs physical flexibility or elapsed-time floors for Plasma-facing components within the frozen research-to-pilot pathway.,programme announcement,programme announcement,S-US-MPEX;S-US-MPEX-AI;S-DE-W7X;S-ITER-TRITIUM,fusion-src-026;fusion-src-027;fusion-src-032;fusion-src-038,supports,direct,exact_stage,frozen_tokamak_pathway,matched,missing,missing,missing,through_2026-08-31,See source_inventory_v1.csv key_claims and numerical_claims_and_locators fields.,"Pathway, lifecycle, jurisdiction, denominator, and metric definitions must not be collapsed.",verified_inventory_mapping,routine_domain_review_no_owner_action,Coverage statement only; this row does not select or recode an S value.
fusion-clm-050,sp-0023,plasma_facing_components,S5,A bounded first-pass search located no suitable source directly supporting a claim about intrinsic error tolerance for Plasma-facing components; this is not evidence of absence.,commentary,commentary,missing,missing,unresolved,none,not_assessable,frozen_tokamak_pathway,not_assessable,missing,missing,missing,through_2026-08-31,missing,No evidence located is not evidence of absence.,unresolved_bounded_search,routine_domain_review_no_owner_action,Coverage statement only; this row does not select or recode an S value.
fusion-clm-051,sp-0024,tritium_and_fuel_cycle,S1,The verified source set informs information intensity for Tritium and fuel cycle only by bounded analogy or adjacent-stage evidence.,inference,inference,S-CN-ROADMAP;S-US-DOE-ROAD;S-US-DCP;S-ITER-TRITIUM,fusion-src-003;fusion-src-028;fusion-src-038,supports_with_limits,indirect,partial,frozen_tokamak_pathway,partial,missing,missing,missing,through_2026-08-31,See source_inventory_v1.csv key_claims and numerical_claims_and_locators fields.,"Pathway, lifecycle, jurisdiction, denominator, and metric definitions must not be collapsed.",verified_inventory_mapping,routine_domain_review_no_owner_action,Coverage statement only; this row does not select or recode an S value.
fusion-clm-052,sp-0024,tritium_and_fuel_cycle,S2,The verified source set complicates any simple claim about feedback speed for Tritium and fuel cycle; physical scope and lifecycle distinctions remain load-bearing.,inference,inference,S-CN-ROADMAP;S-US-DOE-ROAD;S-US-DCP;S-ITER-TRITIUM,fusion-src-003;fusion-src-028;fusion-src-038,complicates,indirect,partial,frozen_tokamak_pathway,partial,missing,missing,missing,through_2026-08-31,See source_inventory_v1.csv key_claims and numerical_claims_and_locators fields.,"Pathway, lifecycle, jurisdiction, denominator, and metric definitions must not be collapsed.",verified_inventory_mapping,routine_domain_review_no_owner_action,Coverage statement only; this row does not select or recode an S value.
fusion-clm-053,sp-0024,tritium_and_fuel_cycle,S3,The verified source set complicates any simple claim about experiment affordability and throughput for Tritium and fuel cycle; physical scope and lifecycle distinctions remain load-bearing.,inference,inference,S-CN-ROADMAP;S-US-DOE-ROAD;S-US-DCP;S-ITER-TRITIUM,fusion-src-003;fusion-src-028;fusion-src-038,complicates,indirect,partial,frozen_tokamak_pathway,partial,missing,missing,missing,through_2026-08-31,See source_inventory_v1.csv key_claims and numerical_claims_and_locators fields.,"Pathway, lifecycle, jurisdiction, denominator, and metric definitions must not be collapsed.",verified_inventory_mapping,routine_domain_review_no_owner_action,Coverage statement only; this row does not select or recode an S value.
fusion-clm-054,sp-0024,tritium_and_fuel_cycle,S4,The verified source set directly informs physical flexibility or elapsed-time floors for Tritium and fuel cycle within the frozen research-to-pilot pathway.,commentary,commentary,S-CN-ROADMAP;S-US-DOE-ROAD;S-US-DCP;S-ITER-TRITIUM,fusion-src-003;fusion-src-028;fusion-src-038,supports,direct,exact_stage,frozen_tokamak_pathway,matched,missing,missing,missing,through_2026-08-31,See source_inventory_v1.csv key_claims and numerical_claims_and_locators fields.,"Pathway, lifecycle, jurisdiction, denominator, and metric definitions must not be collapsed.",verified_inventory_mapping,routine_domain_review_no_owner_action,Coverage statement only; this row does not select or recode an S value.
fusion-clm-055,sp-0024,tritium_and_fuel_cycle,S5,The verified source set complicates any simple claim about intrinsic error tolerance for Tritium and fuel cycle; physical scope and lifecycle distinctions remain load-bearing.,inference,inference,S-CN-ROADMAP;S-US-DOE-ROAD;S-US-DCP;S-ITER-TRITIUM,fusion-src-003;fusion-src-028;fusion-src-038,complicates,indirect,partial,frozen_tokamak_pathway,partial,missing,missing,missing,through_2026-08-31,See source_inventory_v1.csv key_claims and numerical_claims_and_locators fields.,"Pathway, lifecycle, jurisdiction, denominator, and metric definitions must not be collapsed.",verified_inventory_mapping,routine_domain_review_no_owner_action,Coverage statement only; this row does not select or recode an S value.
fusion-clm-056,sp-0025,blankets,S1,The verified source set informs information intensity for Blankets only by bounded analogy or adjacent-stage evidence.,inference,inference,S-CN-ROADMAP;S-US-DOE-ROAD;S-US-DCP;S-ITER-TRITIUM,fusion-src-003;fusion-src-028;fusion-src-038,supports_with_limits,indirect,partial,frozen_tokamak_pathway,partial,missing,missing,missing,through_2026-08-31,See source_inventory_v1.csv key_claims and numerical_claims_and_locators fields.,"Pathway, lifecycle, jurisdiction, denominator, and metric definitions must not be collapsed.",verified_inventory_mapping,routine_domain_review_no_owner_action,Coverage statement only; this row does not select or recode an S value.
fusion-clm-057,sp-0025,blankets,S2,The verified source set complicates any simple claim about feedback speed for Blankets; physical scope and lifecycle distinctions remain load-bearing.,inference,inference,S-CN-ROADMAP;S-US-DOE-ROAD;S-US-DCP;S-ITER-TRITIUM,fusion-src-003;fusion-src-028;fusion-src-038,complicates,indirect,partial,frozen_tokamak_pathway,partial,missing,missing,missing,through_2026-08-31,See source_inventory_v1.csv key_claims and numerical_claims_and_locators fields.,"Pathway, lifecycle, jurisdiction, denominator, and metric definitions must not be collapsed.",verified_inventory_mapping,routine_domain_review_no_owner_action,Coverage statement only; this row does not select or recode an S value.
fusion-clm-058,sp-0025,blankets,S3,The verified source set complicates any simple claim about experiment affordability and throughput for Blankets; physical scope and lifecycle distinctions remain load-bearing.,inference,inference,S-CN-ROADMAP;S-US-DOE-ROAD;S-US-DCP;S-ITER-TRITIUM,fusion-src-003;fusion-src-028;fusion-src-038,complicates,indirect,partial,frozen_tokamak_pathway,partial,missing,missing,missing,through_2026-08-31,See source_inventory_v1.csv key_claims and numerical_claims_and_locators fields.,"Pathway, lifecycle, jurisdiction, denominator, and metric definitions must not be collapsed.",verified_inventory_mapping,routine_domain_review_no_owner_action,Coverage statement only; this row does not select or recode an S value.
fusion-clm-059,sp-0025,blankets,S4,The verified source set directly informs physical flexibility or elapsed-time floors for Blankets within the frozen research-to-pilot pathway.,commentary,commentary,S-CN-ROADMAP;S-US-DOE-ROAD;S-US-DCP;S-ITER-TRITIUM,fusion-src-003;fusion-src-028;fusion-src-038,supports,direct,exact_stage,frozen_tokamak_pathway,matched,missing,missing,missing,through_2026-08-31,See source_inventory_v1.csv key_claims and numerical_claims_and_locators fields.,"Pathway, lifecycle, jurisdiction, denominator, and metric definitions must not be collapsed.",verified_inventory_mapping,routine_domain_review_no_owner_action,Coverage statement only; this row does not select or recode an S value.
fusion-clm-060,sp-0025,blankets,S5,The verified source set complicates any simple claim about intrinsic error tolerance for Blankets; physical scope and lifecycle distinctions remain load-bearing.,inference,inference,S-CN-ROADMAP;S-US-DOE-ROAD;S-US-DCP;S-ITER-TRITIUM,fusion-src-003;fusion-src-028;fusion-src-038,complicates,indirect,partial,frozen_tokamak_pathway,partial,missing,missing,missing,through_2026-08-31,See source_inventory_v1.csv key_claims and numerical_claims_and_locators fields.,"Pathway, lifecycle, jurisdiction, denominator, and metric definitions must not be collapsed.",verified_inventory_mapping,routine_domain_review_no_owner_action,Coverage statement only; this row does not select or recode an S value.
fusion-clm-061,sp-0026,component_fabrication,S1,The verified source set complicates any simple claim about information intensity for Component fabrication; physical scope and lifecycle distinctions remain load-bearing.,inference,inference,S-CN-CRAFT-TF;S-CN-HH70-CO;S-CN-MFG,fusion-src-002;fusion-src-014;fusion-src-016,complicates,indirect,partial,frozen_tokamak_pathway,partial,missing,missing,missing,through_2026-08-31,See source_inventory_v1.csv key_claims and numerical_claims_and_locators fields.,"Pathway, lifecycle, jurisdiction, denominator, and metric definitions must not be collapsed.",verified_inventory_mapping,routine_domain_review_no_owner_action,Coverage statement only; this row does not select or recode an S value.
fusion-clm-062,sp-0026,component_fabrication,S2,The verified source set directly informs feedback speed for Component fabrication within the frozen research-to-pilot pathway.,observed facility milestone,observed facility milestone,S-CN-CRAFT-TF;S-CN-HH70-CO;S-CN-MFG,fusion-src-002;fusion-src-014;fusion-src-016,supports,direct,exact_stage,frozen_tokamak_pathway,matched,missing,missing,missing,through_2026-08-31,See source_inventory_v1.csv key_claims and numerical_claims_and_locators fields.,"Pathway, lifecycle, jurisdiction, denominator, and metric definitions must not be collapsed.",verified_inventory_mapping,routine_domain_review_no_owner_action,Coverage statement only; this row does not select or recode an S value.
fusion-clm-063,sp-0026,component_fabrication,S3,The verified source set complicates any simple claim about experiment affordability and throughput for Component fabrication; physical scope and lifecycle distinctions remain load-bearing.,inference,inference,S-CN-CRAFT-TF;S-CN-HH70-CO;S-CN-MFG,fusion-src-002;fusion-src-014;fusion-src-016,complicates,indirect,partial,frozen_tokamak_pathway,partial,missing,missing,missing,through_2026-08-31,See source_inventory_v1.csv key_claims and numerical_claims_and_locators fields.,"Pathway, lifecycle, jurisdiction, denominator, and metric definitions must not be collapsed.",verified_inventory_mapping,routine_domain_review_no_owner_action,Coverage statement only; this row does not select or recode an S value.
fusion-clm-064,sp-0026,component_fabrication,S4,The verified source set directly informs physical flexibility or elapsed-time floors for Component fabrication within the frozen research-to-pilot pathway.,observed facility milestone,observed facility milestone,S-CN-CRAFT-TF;S-CN-HH70-CO;S-CN-MFG,fusion-src-002;fusion-src-014;fusion-src-016,supports,direct,exact_stage,frozen_tokamak_pathway,matched,missing,missing,missing,through_2026-08-31,See source_inventory_v1.csv key_claims and numerical_claims_and_locators fields.,"Pathway, lifecycle, jurisdiction, denominator, and metric definitions must not be collapsed.",verified_inventory_mapping,routine_domain_review_no_owner_action,Coverage statement only; this row does not select or recode an S value.
fusion-clm-065,sp-0026,component_fabrication,S5,The verified source set directly informs intrinsic error tolerance for Component fabrication within the frozen research-to-pilot pathway.,observed facility milestone,observed facility milestone,S-CN-CRAFT-TF;S-CN-HH70-CO;S-CN-MFG,fusion-src-002;fusion-src-014;fusion-src-016,supports,direct,exact_stage,frozen_tokamak_pathway,matched,missing,missing,missing,through_2026-08-31,See source_inventory_v1.csv key_claims and numerical_claims_and_locators fields.,"Pathway, lifecycle, jurisdiction, denominator, and metric definitions must not be collapsed.",verified_inventory_mapping,routine_domain_review_no_owner_action,Coverage statement only; this row does not select or recode an S value.
fusion-clm-066,sp-0027,construction,S1,The verified source set complicates any simple claim about information intensity for Construction; physical scope and lifecycle distinctions remain load-bearing.,inference,inference,S-CN-CFEC;S-CN-HH70-CO;S-CN-MFG;S-US-NSTXU;S-JP-JT60;S-ITER-BASE;S-ITER-2026,fusion-src-010;fusion-src-012;fusion-src-016;fusion-src-030;fusion-src-033;fusion-src-036;fusion-src-037,complicates,indirect,partial,frozen_tokamak_pathway,partial,missing,missing,missing,through_2026-08-31,See source_inventory_v1.csv key_claims and numerical_claims_and_locators fields.,"Pathway, lifecycle, jurisdiction, denominator, and metric definitions must not be collapsed.",verified_inventory_mapping,routine_domain_review_no_owner_action,Coverage statement only; this row does not select or recode an S value.
fusion-clm-067,sp-0027,construction,S2,The verified source set directly informs feedback speed for Construction within the frozen research-to-pilot pathway.,programme announcement,programme announcement,S-CN-CFEC;S-CN-HH70-CO;S-CN-MFG;S-US-NSTXU;S-JP-JT60;S-ITER-BASE;S-ITER-2026,fusion-src-010;fusion-src-012;fusion-src-016;fusion-src-030;fusion-src-033;fusion-src-036;fusion-src-037,supports,direct,exact_stage,frozen_tokamak_pathway,matched,missing,missing,missing,through_2026-08-31,See source_inventory_v1.csv key_claims and numerical_claims_and_locators fields.,"Pathway, lifecycle, jurisdiction, denominator, and metric definitions must not be collapsed.",verified_inventory_mapping,routine_domain_review_no_owner_action,Coverage statement only; this row does not select or recode an S value.
fusion-clm-068,sp-0027,construction,S3,The verified source set complicates any simple claim about experiment affordability and throughput for Construction; physical scope and lifecycle distinctions remain load-bearing.,inference,inference,S-CN-CFEC;S-CN-HH70-CO;S-CN-MFG;S-US-NSTXU;S-JP-JT60;S-ITER-BASE;S-ITER-2026,fusion-src-010;fusion-src-012;fusion-src-016;fusion-src-030;fusion-src-033;fusion-src-036;fusion-src-037,complicates,indirect,partial,frozen_tokamak_pathway,partial,missing,missing,missing,through_2026-08-31,See source_inventory_v1.csv key_claims and numerical_claims_and_locators fields.,"Pathway, lifecycle, jurisdiction, denominator, and metric definitions must not be collapsed.",verified_inventory_mapping,routine_domain_review_no_owner_action,Coverage statement only; this row does not select or recode an S value.
fusion-clm-069,sp-0027,construction,S4,The verified source set directly informs physical flexibility or elapsed-time floors for Construction within the frozen research-to-pilot pathway.,programme announcement,programme announcement,S-CN-CFEC;S-CN-HH70-CO;S-CN-MFG;S-US-NSTXU;S-JP-JT60;S-ITER-BASE;S-ITER-2026,fusion-src-010;fusion-src-012;fusion-src-016;fusion-src-030;fusion-src-033;fusion-src-036;fusion-src-037,supports,direct,exact_stage,frozen_tokamak_pathway,matched,missing,missing,missing,through_2026-08-31,See source_inventory_v1.csv key_claims and numerical_claims_and_locators fields.,"Pathway, lifecycle, jurisdiction, denominator, and metric definitions must not be collapsed.",verified_inventory_mapping,routine_domain_review_no_owner_action,Coverage statement only; this row does not select or recode an S value.
fusion-clm-070,sp-0027,construction,S5,The verified source set directly informs intrinsic error tolerance for Construction within the frozen research-to-pilot pathway.,programme announcement,programme announcement,S-CN-CFEC;S-CN-HH70-CO;S-CN-MFG;S-US-NSTXU;S-JP-JT60;S-ITER-BASE;S-ITER-2026,fusion-src-010;fusion-src-012;fusion-src-016;fusion-src-030;fusion-src-033;fusion-src-036;fusion-src-037,supports,direct,exact_stage,frozen_tokamak_pathway,matched,missing,missing,missing,through_2026-08-31,See source_inventory_v1.csv key_claims and numerical_claims_and_locators fields.,"Pathway, lifecycle, jurisdiction, denominator, and metric definitions must not be collapsed.",verified_inventory_mapping,routine_domain_review_no_owner_action,Coverage statement only; this row does not select or recode an S value.
fusion-clm-071,sp-0028,commissioning,S1,The verified source set complicates any simple claim about information intensity for Commissioning; physical scope and lifecycle distinctions remain load-bearing.,inference,inference,S-CN-HL3-ROAD;S-CN-HH70-CO;S-US-DIII-D;S-US-NSTXU;S-JP-JT60;S-ITER-BASE,fusion-src-006;fusion-src-012;fusion-src-029;fusion-src-030;fusion-src-033;fusion-src-034;fusion-src-036,complicates,indirect,partial,frozen_tokamak_pathway,partial,missing,missing,missing,through_2026-08-31,See source_inventory_v1.csv key_claims and numerical_claims_and_locators fields.,"Pathway, lifecycle, jurisdiction, denominator, and metric definitions must not be collapsed.",verified_inventory_mapping,routine_domain_review_no_owner_action,Coverage statement only; this row does not select or recode an S value.
fusion-clm-072,sp-0028,commissioning,S2,The verified source set directly informs feedback speed for Commissioning within the frozen research-to-pilot pathway.,official target,official target,S-CN-HL3-ROAD;S-CN-HH70-CO;S-US-DIII-D;S-US-NSTXU;S-JP-JT60;S-ITER-BASE,fusion-src-006;fusion-src-012;fusion-src-029;fusion-src-030;fusion-src-033;fusion-src-034;fusion-src-036,supports,direct,exact_stage,frozen_tokamak_pathway,matched,missing,missing,missing,through_2026-08-31,See source_inventory_v1.csv key_claims and numerical_claims_and_locators fields.,"Pathway, lifecycle, jurisdiction, denominator, and metric definitions must not be collapsed.",verified_inventory_mapping,routine_domain_review_no_owner_action,Coverage statement only; this row does not select or recode an S value.
fusion-clm-073,sp-0028,commissioning,S3,The verified source set complicates any simple claim about experiment affordability and throughput for Commissioning; physical scope and lifecycle distinctions remain load-bearing.,inference,inference,S-CN-HL3-ROAD;S-CN-HH70-CO;S-US-DIII-D;S-US-NSTXU;S-JP-JT60;S-ITER-BASE,fusion-src-006;fusion-src-012;fusion-src-029;fusion-src-030;fusion-src-033;fusion-src-034;fusion-src-036,complicates,indirect,partial,frozen_tokamak_pathway,partial,missing,missing,missing,through_2026-08-31,See source_inventory_v1.csv key_claims and numerical_claims_and_locators fields.,"Pathway, lifecycle, jurisdiction, denominator, and metric definitions must not be collapsed.",verified_inventory_mapping,routine_domain_review_no_owner_action,Coverage statement only; this row does not select or recode an S value.
fusion-clm-074,sp-0028,commissioning,S4,The verified source set directly informs physical flexibility or elapsed-time floors for Commissioning within the frozen research-to-pilot pathway.,official target,official target,S-CN-HL3-ROAD;S-CN-HH70-CO;S-US-DIII-D;S-US-NSTXU;S-JP-JT60;S-ITER-BASE,fusion-src-006;fusion-src-012;fusion-src-029;fusion-src-030;fusion-src-033;fusion-src-034;fusion-src-036,supports,direct,exact_stage,frozen_tokamak_pathway,matched,missing,missing,missing,through_2026-08-31,See source_inventory_v1.csv key_claims and numerical_claims_and_locators fields.,"Pathway, lifecycle, jurisdiction, denominator, and metric definitions must not be collapsed.",verified_inventory_mapping,routine_domain_review_no_owner_action,Coverage statement only; this row does not select or recode an S value.
fusion-clm-075,sp-0028,commissioning,S5,The verified source set directly informs intrinsic error tolerance for Commissioning within the frozen research-to-pilot pathway.,official target,official target,S-CN-HL3-ROAD;S-CN-HH70-CO;S-US-DIII-D;S-US-NSTXU;S-JP-JT60;S-ITER-BASE,fusion-src-006;fusion-src-012;fusion-src-029;fusion-src-030;fusion-src-033;fusion-src-034;fusion-src-036,supports,direct,exact_stage,frozen_tokamak_pathway,matched,missing,missing,missing,through_2026-08-31,See source_inventory_v1.csv key_claims and numerical_claims_and_locators fields.,"Pathway, lifecycle, jurisdiction, denominator, and metric definitions must not be collapsed.",verified_inventory_mapping,routine_domain_review_no_owner_action,Coverage statement only; this row does not select or recode an S value.
fusion-clm-076,sp-0029,reliability_demonstration,S1,A bounded first-pass search located no suitable source directly supporting a claim about information intensity for Reliability demonstration; this is not evidence of absence.,commentary,commentary,missing,missing,unresolved,none,not_assessable,frozen_tokamak_pathway,not_assessable,missing,missing,missing,through_2026-08-31,missing,No evidence located is not evidence of absence.,unresolved_bounded_search,routine_domain_review_no_owner_action,Coverage statement only; this row does not select or recode an S value.
fusion-clm-077,sp-0029,reliability_demonstration,S2,The verified source set complicates any simple claim about feedback speed for Reliability demonstration; physical scope and lifecycle distinctions remain load-bearing.,inference,inference,S-CN-EAST;S-CN-HH70-XH;S-DE-W7X,fusion-src-001;fusion-src-011;fusion-src-032,complicates,indirect,partial,frozen_tokamak_pathway,partial,missing,missing,missing,through_2026-08-31,See source_inventory_v1.csv key_claims and numerical_claims_and_locators fields.,"Pathway, lifecycle, jurisdiction, denominator, and metric definitions must not be collapsed.",verified_inventory_mapping,routine_domain_review_no_owner_action,Coverage statement only; this row does not select or recode an S value.
fusion-clm-078,sp-0029,reliability_demonstration,S3,The verified source set complicates any simple claim about experiment affordability and throughput for Reliability demonstration; physical scope and lifecycle distinctions remain load-bearing.,inference,inference,S-CN-EAST;S-CN-HH70-XH;S-DE-W7X,fusion-src-001;fusion-src-011;fusion-src-032,complicates,indirect,partial,frozen_tokamak_pathway,partial,missing,missing,missing,through_2026-08-31,See source_inventory_v1.csv key_claims and numerical_claims_and_locators fields.,"Pathway, lifecycle, jurisdiction, denominator, and metric definitions must not be collapsed.",verified_inventory_mapping,routine_domain_review_no_owner_action,Coverage statement only; this row does not select or recode an S value.
fusion-clm-079,sp-0029,reliability_demonstration,S4,The verified source set complicates any simple claim about physical flexibility or elapsed-time floors for Reliability demonstration; physical scope and lifecycle distinctions remain load-bearing.,inference,inference,S-CN-EAST;S-CN-HH70-XH;S-DE-W7X,fusion-src-001;fusion-src-011;fusion-src-032,complicates,indirect,partial,frozen_tokamak_pathway,partial,missing,missing,missing,through_2026-08-31,See source_inventory_v1.csv key_claims and numerical_claims_and_locators fields.,"Pathway, lifecycle, jurisdiction, denominator, and metric definitions must not be collapsed.",verified_inventory_mapping,routine_domain_review_no_owner_action,Coverage statement only; this row does not select or recode an S value.
fusion-clm-080,sp-0029,reliability_demonstration,S5,A bounded first-pass search located no suitable source directly supporting a claim about intrinsic error tolerance for Reliability demonstration; this is not evidence of absence.,commentary,commentary,missing,missing,unresolved,none,not_assessable,frozen_tokamak_pathway,not_assessable,missing,missing,missing,through_2026-08-31,missing,No evidence located is not evidence of absence.,unresolved_bounded_search,routine_domain_review_no_owner_action,Coverage statement only; this row does not select or recode an S value.
fusion-clm-081,sp-0030,licensing,S1,The verified source set complicates any simple claim about information intensity for Licensing; physical scope and lifecycle distinctions remain load-bearing.,inference,inference,S-CN-LAW;S-US-NRC;S-IAEA-SAFE,fusion-src-004;fusion-src-039;fusion-src-040;fusion-src-041,complicates,indirect,partial,frozen_tokamak_pathway,partial,missing,missing,missing,through_2026-08-31,See source_inventory_v1.csv key_claims and numerical_claims_and_locators fields.,"Pathway, lifecycle, jurisdiction, denominator, and metric definitions must not be collapsed.",verified_inventory_mapping,routine_domain_review_no_owner_action,Coverage statement only; this row does not select or recode an S value.
fusion-clm-082,sp-0030,licensing,S2,"The enacted-law, proposed-rule, and regulator-status sources establish legal status but do not empirically establish fusion licence-review feedback speed; the NRC rulemaking comment interval is not a plant-licence review duration.",inference,inference,S-CN-LAW;S-US-NRC;S-IAEA-SAFE,fusion-src-004;fusion-src-039;fusion-src-040;fusion-src-041,complicates,indirect,partial,frozen_tokamak_pathway,partial,missing,missing,missing,through_2026-08-31,See source_inventory_v1.csv key_claims and numerical_claims_and_locators fields.,"Pathway, lifecycle, jurisdiction, denominator, and metric definitions must not be collapsed.",verified_inventory_mapping,regulatory_domain_review_exception,Coverage statement only; this row does not select or recode an S value.
fusion-clm-083,sp-0030,licensing,S3,No suitable source in this bounded pass directly establishes the affordability or throughput of a comparable fusion pilot-plant licensing review; this is not evidence of absence.,commentary,commentary,missing,missing,unresolved,none,not_assessable,frozen_tokamak_pathway,not_assessable,missing,missing,missing,through_2026-08-31,missing,No evidence located is not evidence of absence.,unresolved_bounded_search,regulatory_domain_review_exception,Coverage statement only; this row does not select or recode an S value.
fusion-clm-084,sp-0030,licensing,S4,"The legal and regulatory sources provide at most indirect, partial evidence about licensing elapsed-time floors; they do not empirically prove that licensing lacks an intrinsic process constraint.",inference,inference,S-CN-LAW;S-US-NRC;S-IAEA-SAFE,fusion-src-004;fusion-src-039;fusion-src-040;fusion-src-041,supports_with_limits,indirect,partial,frozen_tokamak_pathway,partial,missing,missing,missing,through_2026-08-31,See source_inventory_v1.csv key_claims and numerical_claims_and_locators fields.,"Pathway, lifecycle, jurisdiction, denominator, and metric definitions must not be collapsed.",verified_inventory_mapping,routine_domain_review_no_owner_action,Coverage statement only; this row does not select or recode an S value.
fusion-clm-085,sp-0030,licensing,S5,The legal and regulatory sources inform licensing error tolerance only indirectly and remain domain-sensitive; no completed comparable fusion licence case resolves the issue.,inference,inference,S-CN-LAW;S-US-NRC;S-IAEA-SAFE,fusion-src-004;fusion-src-039;fusion-src-040;fusion-src-041,supports_with_limits,indirect,partial,frozen_tokamak_pathway,partial,missing,missing,missing,through_2026-08-31,See source_inventory_v1.csv key_claims and numerical_claims_and_locators fields.,"Pathway, lifecycle, jurisdiction, denominator, and metric definitions must not be collapsed.",verified_inventory_mapping,regulatory_domain_review_exception,Coverage statement only; this row does not select or recode an S value.
fusion-clm-086,sp-0031,grid_integration,S1,The current source-inventory scope does not permit assessment of information intensity for Grid integration.,commentary,commentary,missing,missing,unresolved,none,not_assessable,mixed_targets_only,not_assessable,missing,missing,missing,through_2026-08-31,missing,No evidence located is not evidence of absence.,unresolved_bounded_search,routine_domain_review_no_owner_action,Coverage statement only; this row does not select or recode an S value.
fusion-clm-087,sp-0031,grid_integration,S2,A bounded first-pass search located no suitable source directly supporting a claim about feedback speed for Grid integration; this is not evidence of absence.,commentary,commentary,missing,missing,unresolved,none,not_assessable,mixed_targets_only,not_assessable,missing,missing,missing,through_2026-08-31,missing,No evidence located is not evidence of absence.,unresolved_bounded_search,routine_domain_review_no_owner_action,Coverage statement only; this row does not select or recode an S value.
fusion-clm-088,sp-0031,grid_integration,S3,A bounded first-pass search located no suitable source directly supporting a claim about experiment affordability and throughput for Grid integration; this is not evidence of absence.,commentary,commentary,missing,missing,unresolved,none,not_assessable,mixed_targets_only,not_assessable,missing,missing,missing,through_2026-08-31,missing,No evidence located is not evidence of absence.,unresolved_bounded_search,grid_domain_review_exception,Coverage statement only; this row does not select or recode an S value.
fusion-clm-089,sp-0031,grid_integration,S4,The verified source set informs physical flexibility or elapsed-time floors for Grid integration only by bounded analogy or adjacent-stage evidence.,inference,inference,S-US-SPARC;S-UK-STEP;S-ITER-TRITIUM;S-TYPEONE;S-PROXIMA,fusion-src-031;fusion-src-035;fusion-src-038;fusion-src-043;fusion-src-044,supports_with_limits,indirect,partial,mixed_targets_only,partial,missing,missing,missing,through_2026-08-31,See source_inventory_v1.csv key_claims and numerical_claims_and_locators fields.,"Pathway, lifecycle, jurisdiction, denominator, and metric definitions must not be collapsed.",verified_inventory_mapping,grid_domain_review_exception,Coverage statement only; this row does not select or recode an S value.
fusion-clm-090,sp-0031,grid_integration,S5,A bounded first-pass search located no suitable source directly supporting a claim about intrinsic error tolerance for Grid integration; this is not evidence of absence.,commentary,commentary,missing,missing,unresolved,none,not_assessable,mixed_targets_only,not_assessable,missing,missing,missing,through_2026-08-31,missing,No evidence located is not evidence of absence.,unresolved_bounded_search,routine_domain_review_no_owner_action,Coverage statement only; this row does not select or recode an S value.
fusion-clm-091,sp-0018,plasma_control,S2,"EAST reported a 1,066-second high-confinement plasma.",observed facility milestone,observed facility milestone,S-CN-EAST,fusion-src-001,supports_with_limits,direct,partial,frozen_tokamak_pathway,research_not_pilot,1066,seconds,single reported H-mode discharge,2025-01-20,Article body paragraph 2.,"Duration is not AI causation, net energy, or availability.",verified_against_original,routine_domain_review_no_owner_action,Atomic numerical or status claim; no S value is selected.
fusion-clm-092,sp-0018,plasma_control,S2,A learned controller ran at 1 kHz during reported HL-3 experiments.,observed experimental result,observed experimental result,S-CN-HL3-AI,fusion-src-007,supports,direct,exact_stage,frozen_tokamak_pathway,research_device,1000,hertz,controller update rate,2025,"Methods and Results, HL-3 experimental deployment.",Research-device controller; no pilot transfer established.,verified_against_original,routine_domain_review_no_owner_action,Atomic numerical or status claim; no S value is selected.
fusion-clm-093,sp-0018,plasma_control,S5,The DIII-D tearing-instability paper describes its live-device result as an early proof of concept.,observed experimental result,observed experimental result,S-AI-DIII-D,fusion-src-018,complicates,direct,exact_stage,frozen_tokamak_pathway,research_device,missing,missing,missing,2024,Main text discussion and Methods.,Proof of concept is not a universal safety controller.,verified_against_original,routine_domain_review_no_owner_action,Atomic numerical or status claim; no S value is selected.
fusion-clm-094,sp-0017,diagnostics,S2,The EAST locked-mode predictor reported a mean warning time of 137 ms.,proof of concept,proof of concept,S-CN-EAST-AI,fusion-src-008,supports_with_limits,direct,exact_stage,frozen_tokamak_pathway,research_device,137,milliseconds,mean warning time for evaluated alarms,EAST 2015-2022 data,Abstract and Results.,Prediction is not avoidance or safe termination.,verified_against_original,routine_domain_review_no_owner_action,Atomic numerical or status claim; no S value is selected.
fusion-clm-095,sp-0021,magnets,S4,CRAFT reported completion of TF magnet winding manufacture on 26 February 2026.,observed facility milestone,observed facility milestone,S-CN-CRAFT-TF,fusion-src-002,supports,direct,exact_stage,frozen_tokamak_pathway,component_fabrication,2026-02-26,date,one CRAFT TF winding milestone,2026-02-26,Article paragraphs 1-2.,A component milestone is not integrated-plant operation.,verified_against_original,routine_domain_review_no_owner_action,Atomic numerical or status claim; no S value is selected.
fusion-clm-096,sp-0026,component_fabrication,S4,A second one-eighth BEST vacuum-vessel sector passed acceptance and was delivered after the pack cut-off.,observed facility milestone,observed facility milestone,S-CN-MFG,fusion-src-016,supports,direct,exact_stage,frozen_tokamak_pathway,component_fabrication,1/8,vessel sector,second reported sector,2026-08-14,Article paragraph 2.,Not full vessel completion or construction completion.,verified_against_original,routine_domain_review_no_owner_action,Atomic numerical or status claim; no S value is selected.
fusion-clm-097,sp-0029,reliability_demonstration,S4,W7-X reported 1.8 GJ energy turnover during a 360-second discharge.,observed experimental result,observed experimental result,S-DE-W7X,fusion-src-032,complicates,direct,partial,stellarator_pathway_contrast,research_device,1.8,gigajoules,energy turnover in a 360-second discharge,2025 campaign,Article energy-turnover section.,Different metric/discharge from the 43-second triple-product result; not availability.,verified_against_original,routine_domain_review_no_owner_action,Atomic numerical or status claim; no S value is selected.
fusion-clm-098,sp-0028,commissioning,S4,ITER's baseline proposal schedules integrated commissioning in 2033-34 before research operation in 2034.,official target,official target,S-ITER-BASE,fusion-src-036,supports_with_limits,direct,exact_stage,frozen_tokamak_pathway,future_international_facility,2033-2034,calendar years,baseline proposal,current baseline page,Assembly overview timeline.,"Target schedule, not observed duration or completion.",verified_against_original,routine_domain_review_no_owner_action,Atomic numerical or status claim; no S value is selected.
fusion-clm-099,sp-0030,licensing,S2,The NRC proposed rule opened a 90-day public-comment period ending 27 May 2026.,observed legal/regulatory status,observed legal/regulatory status,S-US-NRC,fusion-src-039,complicates,direct,partial,frozen_tokamak_pathway,rulemaking_not_licence,90,days,rulemaking public-comment period; not a plant-licence review,2026-02-26 to 2026-05-27,Federal Register Dates section.,Rulemaking interval is not a plant-licence review duration and cannot support a licensing-feedback-speed estimate.,verified_against_original,routine_domain_review_no_owner_action,Atomic numerical or status claim; no S value is selected.
fusion-clm-100,sp-0031,grid_integration,S4,STEP targets first operations for 2040; this is not an observed grid milestone.,official target,official target,S-UK-STEP,fusion-src-035,complicates,direct,partial,spherical_tokamak_contrast,future_program,2040,year,programme target,living page verified 2026-08-31,About page section 'Our vision'.,Undated living page; target is not an outcome.,verified_against_original,routine_domain_review_no_owner_action,Atomic numerical or status claim; no S value is selected.
fusion-clm-101,sp-0015,simulation,S2,A conventional HEAT magnetic-shadow calculation could take around 30 minutes for one simulation and longer for complex geometries.,proof of concept,proof of concept,unassigned_pack_table,fusion-src-023,supports_with_limits,direct,exact_stage,frozen_tokamak_pathway,geometry_specific_simulation,30,minutes,one SPARC magnetic-shadow simulation,published 2025-08-13,PPPL article paragraph 101.,Calculation time for a small geometry-specific design task is not plant schedule or materials-qualification duration.,verified_against_original,routine_domain_review_no_owner_action,Atomic numerical or status claim; no S value is selected.
fusion-clm-102,sp-0015,simulation,S2,HEAT-ML reduced the scoped magnetic-shadow calculation to a few milliseconds.,proof of concept,proof of concept,unassigned_pack_table,fusion-src-023,supports_with_limits,direct,exact_stage,frozen_tokamak_pathway,geometry_specific_simulation,few,milliseconds,one SPARC magnetic-shadow calculation,published 2025-08-13,PPPL article paragraph 102; linked DOI 10.1016/j.fusengdes.2025.115010.,The method is tied to 15 tiles in a small part of SPARC's exhaust geometry; no plant-level acceleration is established.,verified_against_original,routine_domain_review_no_owner_action,Atomic numerical or status claim; no S value is selected.
fusion-clm-103,sp-0015,simulation,S3,"The HEAT-ML neural network used a training database of approximately 1,000 SPARC HEAT simulations.",proof of concept,proof of concept,unassigned_pack_table,fusion-src-023,supports_with_limits,direct,exact_stage,frozen_tokamak_pathway,geometry_specific_simulation,1000,simulations,approximately; SPARC HEAT training database,published 2025-08-13,PPPL article paragraph 102.,"Training-set size is not an affordability, qualification-throughput, or generic plasma-facing-component outcome.",verified_against_original,routine_domain_review_no_owner_action,Atomic numerical or status claim; no S value is selected.
fusion-clm-104,sp-0027,construction,S4,"ITER installed the sixth of nine tokamak sector modules during 27-28 July 2026, putting two-thirds of the plasma chamber in place.",observed facility milestone,observed facility milestone,S-ITER-2026,fusion-src-037,supports_with_limits,direct,exact_stage,frozen_tokamak_pathway,construction_not_completion,6,sector modules,nine-module plasma chamber; two-thirds installed,2026-07-27 to 2026-07-28,ITER article paragraphs 162 and 167; official road-to-ITER milestone page.,"Observed construction milestone only; not an AI result, completed chamber, commissioning, or plant completion.",verified_against_original,routine_domain_review_no_owner_action,Atomic numerical or status claim; no S value is selected.
fusion-clm-105,sp-0028,commissioning,S4,PPPL's living NSTX-U page stated that the Recovery Project was 93% complete when checked on 31 August 2026.,observed facility milestone,observed facility milestone,S-US-NSTXU,fusion-src-030,supports_with_limits,direct,partial,frozen_tokamak_pathway,living_project_status_not_recommissioning,93,percent,NSTX-U Recovery Project status on a mutable living page,checked 2026-08-31,"PPPL NSTX-U page, section 'Recovery Project'.","Not completed recommissioning, a fixed historical statistic, or an experimental outcome; recheck on any project-page update.",verified_against_original,routine_domain_review_no_owner_action,Atomic numerical or status claim; no S value is selected.
fusion-clm-106,sp-0020,materials_qualification,S2,IFMIF-DONES targets roughly 20-30 dpa over about 2.5 full-power years in approximately 300 cm3.,official target,official target,targeted_ifmif_dones,fusion-src-046,supports_with_limits,direct,exact_stage,frozen_tokamak_pathway,designed_under_development_not_completed,20-30,dpa,approximately 300 cm3 high-flux volume,about 2.5 full-power years,"IAEA technical-meeting contribution, Description paragraph 2.",Accelerator-driven fusion-like neutron exposure target; not an observed campaign or completed accepted qualification dataset.,verified_against_original,routine_domain_review_no_owner_action,Atomic numerical or status claim; no S value is selected.
fusion-clm-107,sp-0020,materials_qualification,S2,IFMIF-DONES targets 50 dpa in about 3 full-power years in approximately 100 cm3.,official target,official target,targeted_ifmif_dones,fusion-src-045;fusion-src-046,supports_with_limits,direct,exact_stage,frozen_tokamak_pathway,designed_under_development_not_completed,50,dpa,approximately 100 cm3 high-flux volume,about 3 full-power years,"IAEA contribution Description paragraph 2; peer-reviewed paper HFTM section, DOI 10.1088/1741-4326/add172.",A designed irradiation target directly supports a physical time floor but is not a completed dataset.,verified_against_original,routine_domain_review_no_owner_action,Atomic numerical or status claim; no S value is selected.
fusion-clm-108,sp-0020,materials_qualification,S4,The IFMIF-DONES qualification chain includes post-irradiation examination after the multi-year HFTM campaign.,model or scenario estimate,model or scenario estimate,targeted_ifmif_dones,fusion-src-045,supports_with_limits,direct,exact_stage,frozen_tokamak_pathway,designed_under_development_not_completed,missing,missing,missing,future programme,Peer-reviewed paper discussion of post-irradiation tests and TRTM PIE; DOI 10.1088/1741-4326/add172.,Irradiation duration does not exhaust the qualification timeline; examination and acceptance remain downstream.,verified_against_original,routine_domain_review_no_owner_action,Atomic numerical or status claim; no S value is selected.
fusion-clm-109,sp-0020,materials_qualification,S3,"IFMIF-DONES material and transmutation matching varies by material: the HFTM is tailored to Eurofer, while tungsten and copper conditions are not perfectly matched.",model or scenario estimate,model or scenario estimate,targeted_ifmif_dones,fusion-src-045,complicates,direct,exact_stage,frozen_tokamak_pathway,material_specific_transfer,missing,missing,missing,facility design,Peer-reviewed paper Introduction/HFTM discussion; DOI 10.1088/1741-4326/add172.,Do not generalize one material's dpa and transmutation match to all fusion-grade materials.,verified_against_original,routine_domain_review_no_owner_action,Atomic numerical or status claim; no S value is selected.
